sample_idx,crystal_idx,n_crystals,cx,cz,x_center,z_center,dist_center,dist_corner_1,dist_corner_2,dist_corner_3,dist_corner_4,mse_psi,relL2_psi
1,1,1,1.969584e-01,-3.562657e-01,0.000000e+00,0.000000e+00,4.070846e-01,1.359082e+00,1.029208e+00,1.808913e+00,1.576177e+00,4.203628e-25,9.168199e-02
2,1,1,7.593387e-01,-8.097596e-02,0.000000e+00,0.000000e+00,7.636441e-01,1.984913e+00,9.500121e-01,2.064893e+00,1.107442e+00,1.655624e-25,2.183864e-02
3,1,1,5.484340e-01,-2.152903e-01,0.000000e+00,0.000000e+00,5.891772e-01,1.735920e+00,9.053625e-01,1.968395e+00,1.296473e+00,1.504808e-25,2.743153e-02
4,1,1,-4.345449e-01,-7.933626e-01,0.000000e+00,0.000000e+00,9.045737e-01,6.020287e-01,1.449351e+00,1.880396e+00,2.296534e+00,9.691043e-26,9.227762e-02
5,1,1,-6.292050e-01,5.990118e-01,0.000000e+00,0.000000e+00,8.687428e-01,1.641441e+00,2.282794e+00,5.461506e-01,1.677826e+00,4.004851e-25,6.551677e-02
6,1,1,2.863411e-01,1.524194e-01,0.000000e+00,0.000000e+00,3.243807e-01,1.727062e+00,1.355500e+00,1.540476e+00,1.108017e+00,2.051510e-25,4.831322e-02
7,1,1,-3.538986e-01,-3.365137e-01,0.000000e+00,0.000000e+00,4.883499e-01,9.261000e-01,1.507732e+00,1.484492e+00,1.902448e+00,2.857098e-25,5.584074e-02
8,1,1,-3.347555e-02,-6.055591e-01,0.000000e+00,0.000000e+00,6.064837e-01,1.043912e+00,1.106190e+00,1.874030e+00,1.909422e+00,7.485446e-25,2.020116e-01
9,1,1,6.392987e-01,-6.525809e-01,0.000000e+00,0.000000e+00,9.135451e-01,1.675709e+00,5.008048e-01,2.327729e+00,1.691487e+00,2.124673e-25,5.442153e-02
10,1,1,-4.403245e-02,-5.707090e-01,0.000000e+00,0.000000e+00,5.724051e-01,1.047934e+00,1.128847e+00,1.838750e+00,1.886036e+00,7.943569e-25,1.943338e-01
11,1,1,-7.098318e-01,-1.720743e-03,0.000000e+00,0.000000e+00,7.098339e-01,1.039596e+00,1.979921e+00,1.042901e+00,1.981658e+00,4.209123e-25,3.608413e-02
12,1,1,1.631837e-01,3.037602e-01,0.000000e+00,0.000000e+00,3.448176e-01,1.747223e+00,1.549210e+00,1.355635e+00,1.088582e+00,2.531613e-25,7.274721e-02
13,1,1,7.610500e-01,-3.552492e-01,0.000000e+00,0.000000e+00,8.398804e-01,1.875367e+00,6.876051e-01,2.222161e+00,1.376153e+00,1.317430e-25,2.272828e-02
14,1,1,-3.179174e-01,-7.580147e-01,0.000000e+00,0.000000e+00,8.219841e-01,7.237358e-01,1.339949e+00,1.885697e+00,2.197162e+00,1.286143e-25,9.908783e-02
15,1,1,-6.700605e-01,3.792743e-01,0.000000e+00,0.000000e+00,7.699546e-01,1.418188e+00,2.165987e+00,7.029655e-01,1.781685e+00,4.340250e-25,4.588397e-02
16,1,1,-2.494221e-01,-1.822831e-01,0.000000e+00,0.000000e+00,3.089312e-01,1.109968e+00,1.493224e+00,1.400414e+00,1.720130e+00,2.456482e-25,5.753929e-02
17,1,1,-4.524307e-01,-1.482110e-01,0.000000e+00,0.000000e+00,4.760883e-01,1.012609e+00,1.683775e+00,1.272093e+00,1.851471e+00,4.184902e-25,5.114660e-02
18,1,1,8.834858e-02,-6.046157e-01,0.000000e+00,0.000000e+00,6.110365e-01,1.157943e+00,9.936987e-01,1.938890e+00,1.845508e+00,2.636379e-25,1.157866e-01
19,1,1,-4.175291e-01,6.779047e-01,0.000000e+00,0.000000e+00,7.961691e-01,1.776130e+00,2.196532e+00,6.655958e-01,1.453662e+00,4.508965e-25,1.135231e-01
20,1,1,7.977672e-01,3.331198e-01,0.000000e+00,0.000000e+00,8.645238e-01,2.238119e+00,1.348372e+00,1.917471e+00,6.968696e-01,1.310197e-25,2.162488e-02
21,1,1,5.136175e-02,-6.007557e-01,0.000000e+00,0.000000e+00,6.029473e-01,1.124614e+00,1.029228e+00,1.915145e+00,1.860735e+00,3.606069e-25,1.374592e-01
22,1,1,7.248783e-01,-2.298418e-02,0.000000e+00,0.000000e+00,7.252426e-01,1.982364e+00,1.015013e+00,2.005418e+00,1.059334e+00,1.905117e-25,2.397372e-02
23,1,1,2.093732e-01,-4.309356e-01,0.000000e+00,0.000000e+00,4.791061e-01,1.336569e+00,9.741278e-01,1.873542e+00,1.634829e+00,2.956098e-25,8.044683e-02
24,1,1,3.808953e-01,-6.968234e-01,0.000000e+00,0.000000e+00,7.941310e-01,1.413785e+00,6.893524e-01,2.187711e+00,1.806239e+00,2.059010e-25,8.684380e-02
25,1,1,3.393029e-01,-3.538298e-01,0.000000e+00,0.000000e+00,4.902265e-01,1.487033e+00,9.241518e-01,1.904360e+00,1.506445e+00,2.080367e-25,4.965129e-02
26,1,1,6.495466e-01,7.096457e-01,0.000000e+00,0.000000e+00,9.620332e-01,2.375688e+00,1.745195e+00,1.674906e+00,4.551079e-01,2.890768e-25,7.562680e-02
27,1,1,4.041471e-01,-3.123016e-01,0.000000e+00,0.000000e+00,5.107515e-01,1.563508e+00,9.099285e-01,1.921917e+00,1.441241e+00,1.863657e-25,4.050517e-02
28,1,1,-7.170176e-01,7.420711e-01,0.000000e+00,0.000000e+00,1.031884e+00,1.764905e+00,2.446009e+00,3.828921e-01,1.736282e+00,3.566264e-25,9.167621e-02
29,1,1,-6.480783e-01,-2.166502e-01,0.000000e+00,0.000000e+00,6.833322e-01,8.587699e-01,1.824774e+00,1.266525e+00,2.048512e+00,5.053841e-25,4.443195e-02
30,1,1,4.732394e-01,7.936368e-01,0.000000e+00,0.000000e+00,9.240210e-01,2.321113e+00,1.869388e+00,1.487622e+00,5.657407e-01,4.821367e-25,1.922855e-01
31,1,1,-4.792357e-01,-2.260647e-01,0.000000e+00,0.000000e+00,5.298793e-01,9.328297e-01,1.669465e+00,1.332077e+00,1.921295e+00,3.739839e-25,4.814145e-02
32,1,1,1.913287e-01,-3.818949e-02,0.000000e+00,0.000000e+00,1.951028e-01,1.531125e+00,1.256594e+00,1.580222e+00,1.315974e+00,5.670809e-25,9.486552e-02
33,1,1,5.669856e-01,6.208203e-01,0.000000e+00,0.000000e+00,8.407678e-01,2.254441e+00,1.677665e+00,1.612210e+00,5.755681e-01,2.160555e-25,5.448646e-02
34,1,1,-3.394081e-01,-1.079480e-01,0.000000e+00,0.000000e+00,3.561609e-01,1.110017e+00,1.609276e+00,1.289934e+00,1.738264e+00,3.027796e-25,5.243168e-02
35,1,1,1.514871e-01,7.958369e-01,0.000000e+00,0.000000e+00,8.101263e-01,2.133296e+00,1.986203e+00,1.169447e+00,8.727294e-01,4.727844e-25,3.052031e-01
36,1,1,-1.630537e-01,-2.129659e-01,0.000000e+00,0.000000e+00,2.682182e-01,1.148870e+00,1.404321e+00,1.473691e+00,1.680470e+00,2.030220e-25,6.247039e-02
37,1,1,-7.393620e-01,1.740793e-01,0.000000e+00,0.000000e+00,7.595787e-01,1.202661e+00,2.098533e+00,8.660699e-01,1.925494e+00,6.512713e-25,4.538983e-02
38,1,1,-6.060599e-01,3.872778e-01,0.000000e+00,0.000000e+00,7.192306e-01,1.442126e+00,2.122255e+00,7.284348e-01,1.718970e+00,4.077870e-25,4.802600e-02
39,1,1,6.380983e-02,-3.965448e-01,0.000000e+00,0.000000e+00,4.016460e-01,1.223049e+00,1.113827e+00,1.755571e+00,1.681306e+00,3.943775e-25,1.104129e-01
40,1,1,6.110357e-01,7.596784e-01,0.000000e+00,0.000000e+00,9.749235e-01,2.385771e+00,1.802155e+00,1.628862e+00,4.572173e-01,3.405279e-25,1.084359e-01
41,1,1,-3.404734e-01,3.176464e-01,0.000000e+00,0.000000e+00,4.656408e-01,1.473488e+00,1.879644e+00,9.489899e-01,1.504153e+00,2.329988e-25,5.076372e-02
42,1,1,4.488685e-01,-2.158883e-01,0.000000e+00,0.000000e+00,4.980871e-01,1.647438e+00,9.584242e-01,1.891456e+00,1.334965e+00,1.754098e-25,3.431269e-02
43,1,1,6.975007e-02,3.311280e-01,0.000000e+00,0.000000e+00,3.383945e-01,1.707708e+00,1.623966e+00,1.261648e+00,1.145755e+00,4.134308e-25,1.075050e-01
44,1,1,3.121466e-01,1.771116e-01,0.000000e+00,0.000000e+00,3.588928e-01,1.762759e+00,1.363354e+00,1.548830e+00,1.072515e+00,1.804719e-25,4.351600e-02
45,1,1,-8.069651e-02,-3.242204e-01,0.000000e+00,0.000000e+00,3.341119e-01,1.140963e+00,1.274591e+00,1.612042e+00,1.709229e+00,2.203971e-25,7.710152e-02
46,1,1,1.376842e-01,3.326218e-01,0.000000e+00,0.000000e+00,3.599920e-01,1.752200e+00,1.587284e+00,1.318984e+00,1.090405e+00,2.839344e-25,8.159867e-02
47,1,1,-3.369575e-01,-4.940252e-01,0.000000e+00,0.000000e+00,5.979977e-01,8.340479e-01,1.429498e+00,1.634545e+00,2.004886e+00,1.690970e-25,5.274856e-02
48,1,1,3.564142e-02,8.309048e-02,0.000000e+00,0.000000e+00,9.041205e-02,1.498545e+00,1.450197e+00,1.383212e+00,1.330680e+00,4.360819e-25,1.043922e-01
49,1,1,3.770975e-01,-7.477044e-01,0.000000e+00,0.000000e+00,8.374153e-01,1.400018e+00,6.720570e-01,2.225055e+00,1.855392e+00,2.742860e-25,1.253626e-01
50,1,1,-4.419590e-01,-2.861882e-01,0.000000e+00,0.000000e+00,5.265277e-01,9.060558e-01,1.608966e+00,1.402031e+00,1.932233e+00,3.745112e-25,5.282952e-02
51,1,1,7.729975e-01,4.367681e-02,0.000000e+00,0.000000e+00,7.742305e-01,2.057372e+00,1.068078e+00,2.014466e+00,9.828958e-01,1.946957e-25,2.330775e-02
52,1,1,-6.625893e-01,-1.665835e-01,0.000000e+00,0.000000e+00,6.832090e-01,8.991268e-01,1.859781e+00,1.214398e+00,2.031039e+00,4.836412e-25,4.193875e-02
53,1,1,-5.005898e-01,1.195432e-01,0.000000e+00,0.000000e+00,5.146656e-01,1.225882e+00,1.872204e+00,1.012233e+00,1.739820e+00,3.804741e-25,4.495133e-02
54,1,1,6.962961e-01,-4.163789e-01,0.000000e+00,0.000000e+00,8.112950e-01,1.793888e+00,6.579132e-01,2.209875e+00,1.448573e+00,1.574297e-25,2.815158e-02
55,1,1,-1.566026e-01,4.867852e-01,0.000000e+00,0.000000e+00,5.113552e-01,1.709342e+00,1.883682e+00,9.872734e-01,1.265353e+00,3.406839e-25,1.003372e-01
56,1,1,-7.990494e-01,7.174840e-01,0.000000e+00,0.000000e+00,1.073901e+00,1.729200e+00,2.487233e+00,3.466936e-01,1.821097e+00,2.476791e-25,6.718130e-02
57,1,1,-6.546185e-01,1.175357e-01,0.000000e+00,0.000000e+00,6.650865e-01,1.169690e+00,1.996659e+00,9.476453e-01,1.875235e+00,5.813419e-25,4.554174e-02
58,1,1,-8.431457e-02,-8.234178e-02,0.000000e+00,0.000000e+00,1.178521e-01,1.296370e+00,1.420505e+00,1.417725e+00,1.532058e+00,2.549312e-25,7.634374e-02
59,1,1,4.109524e-01,-1.915294e-01,0.000000e+00,0.000000e+00,4.533932e-01,1.626165e+00,1.000301e+00,1.846762e+00,1.329180e+00,1.859096e-25,3.712663e-02
60,1,1,-3.756011e-01,2.236510e-01,0.000000e+00,0.000000e+00,4.371452e-01,1.373752e+00,1.841087e+00,9.962890e-01,1.579556e+00,3.137456e-25,5.215434e-02
61,1,1,-2.740808e-01,7.014033e-01,0.000000e+00,0.000000e+00,7.530517e-01,1.849792e+00,2.125572e+00,7.849323e-01,1.308603e+00,3.251472e-25,1.308875e-01
62,1,1,-5.333024e-01,-5.329613e-01,0.000000e+00,0.000000e+00,7.539623e-01,6.602513e-01,1.602854e+00,1.602428e+00,2.168176e+00,3.468406e-25,5.970869e-02
63,1,1,-2.207167e-01,-1.086324e-01,0.000000e+00,0.000000e+00,2.460018e-01,1.183984e+00,1.511518e+00,1.355119e+00,1.649004e+00,2.202518e-25,5.647894e-02
64,1,1,-5.722238e-01,5.795793e-01,0.000000e+00,0.000000e+00,8.144644e-01,1.636479e+00,2.228667e+00,5.997883e-01,1.627465e+00,3.715605e-25,6.445391e-02
65,1,1,2.328529e-01,1.403998e-01,0.000000e+00,0.000000e+00,2.719055e-01,1.679416e+00,1.374419e+00,1.502943e+00,1.152140e+00,2.720305e-25,6.162881e-02
66,1,1,-6.043751e-01,8.736986e-02,0.000000e+00,0.000000e+00,6.106576e-01,1.157105e+00,1.938142e+00,9.946923e-01,1.845783e+00,4.910002e-25,4.401225e-02
67,1,1,-9.941420e-03,-3.662675e-01,0.000000e+00,0.000000e+00,3.664024e-01,1.175514e+00,1.192308e+00,1.687277e+00,1.699020e+00,3.728234e-25,1.076649e-01
68,1,1,-7.663873e-01,-2.205653e-01,0.000000e+00,0.000000e+00,7.974952e-01,8.136912e-01,1.930710e+00,1.242721e+00,2.147069e+00,6.234584e-25,4.446635e-02
69,1,1,-4.055619e-01,-3.371286e-01,0.000000e+00,0.000000e+00,5.273862e-01,8.903680e-01,1.554028e+00,1.463308e+00,1.939979e+00,3.335765e-25,5.512004e-02
70,1,1,2.643696e-01,-1.692581e-02,0.000000e+00,0.000000e+00,2.649108e-01,1.601582e+00,1.227838e+00,1.622581e+00,1.255106e+00,6.176231e-25,8.544511e-02
71,1,1,4.462870e-01,-3.834672e-01,0.000000e+00,0.000000e+00,5.884039e-01,1.572215e+00,8.286801e-01,2.001431e+00,1.490161e+00,1.710815e-25,3.867730e-02
72,1,1,1.248238e-01,-2.865185e-01,0.000000e+00,0.000000e+00,3.125281e-01,1.332023e+00,1.129154e+00,1.708906e+00,1.555977e+00,3.035747e-25,8.394443e-02
73,1,1,6.382913e-01,5.070005e-01,0.000000e+00,0.000000e+00,8.151474e-01,2.225994e+00,1.549801e+00,1.710861e+00,6.114587e-01,1.483660e-25,3.280875e-02
74,1,1,-9.308337e-02,4.721296e-01,0.000000e+00,0.000000e+00,4.812182e-01,1.729064e+00,1.833575e+00,1.049355e+00,1.213869e+00,2.953987e-25,9.973789e-02
75,1,1,4.970666e-01,-7.591483e-02,0.000000e+00,0.000000e+00,5.028302e-01,1.759302e+00,1.052081e+00,1.843584e+00,1.187659e+00,2.017975e-25,3.245714e-02
76,1,1,7.406796e-01,-2.137995e-01,0.000000e+00,0.000000e+00,7.709192e-01,1.909994e+00,8.278637e-01,2.122092e+00,1.241191e+00,1.454971e-25,2.184188e-02
77,1,1,-6.108118e-01,-5.279540e-01,0.000000e+00,0.000000e+00,8.073577e-01,6.117965e-01,1.678554e+00,1.576741e+00,2.220216e+00,4.901525e-25,6.393526e-02
78,1,1,5.682058e-01,-4.581660e-01,0.000000e+00,0.000000e+00,7.299136e-01,1.659173e+00,6.928422e-01,2.141382e+00,1.520754e+00,1.487013e-25,3.319510e-02
79,1,1,-7.527361e-01,1.078708e-01,0.000000e+00,0.000000e+00,7.604260e-01,1.135129e+00,2.073514e+00,9.257613e-01,1.966718e+00,5.858966e-25,4.166191e-02
80,1,1,-5.222555e-01,5.333394e-01,0.000000e+00,0.000000e+00,7.464595e-01,1.606042e+00,2.160646e+00,6.678412e-01,1.592179e+00,3.160202e-25,5.779504e-02
81,1,1,2.025645e-01,-7.338825e-01,0.000000e+00,0.000000e+00,7.613251e-01,1.231657e+00,8.406676e-01,2.110097e+00,1.908468e+00,1.971015e-25,1.300436e-01
82,1,1,-6.358180e-02,4.949042e-03,0.000000e+00,0.000000e+00,6.377412e-02,1.373609e+00,1.463260e+00,1.366384e+00,1.456480e+00,6.050896e-25,1.199607e-01
83,1,1,-3.184243e-01,-6.593442e-01,0.000000e+00,0.000000e+00,7.322082e-01,7.619657e-01,1.361723e+00,1.793870e+00,2.119355e+00,1.408270e-25,7.029438e-02
84,1,1,1.025963e-01,3.184085e-01,0.000000e+00,0.000000e+00,3.345295e-01,1.718697e+00,1.594846e+00,1.296258e+00,1.126899e+00,2.903966e-25,8.609972e-02
85,1,1,-6.249453e-01,2.818907e-01,0.000000e+00,0.000000e+00,6.855793e-01,1.335631e+00,2.069708e+00,8.101524e-01,1.776550e+00,5.428004e-25,4.930294e-02
86,1,1,7.404364e-03,-4.495279e-01,0.000000e+00,0.000000e+00,4.495889e-01,1.147991e+00,1.135018e+00,1.765218e+00,1.756809e+00,3.566533e-25,1.124967e-01
87,1,1,-2.721014e-02,2.056202e-02,0.000000e+00,0.000000e+00,3.410555e-02,1.409917e+00,1.448001e+00,1.380442e+00,1.419317e+00,5.397849e-25,1.161624e-01
88,1,1,-5.917361e-01,-5.412696e-01,0.000000e+00,0.000000e+00,8.019504e-01,6.140952e-01,1.656520e+00,1.594425e+00,2.215657e+00,4.570444e-25,6.477364e-02
89,1,1,2.181614e-01,-6.806969e-01,0.000000e+00,0.000000e+00,7.148025e-01,1.259314e+00,8.445272e-01,2.075731e+00,1.853649e+00,1.848884e-25,1.003275e-01
90,1,1,3.840898e-01,-2.499590e-01,0.000000e+00,0.000000e+00,4.582625e-01,1.574251e+00,9.705188e-01,1.864967e+00,1.393464e+00,2.255738e-25,4.418307e-02
91,1,1,-6.054417e-01,-1.903078e-01,0.000000e+00,0.000000e+00,6.346469e-01,9.007096e-01,1.798067e+00,1.253997e+00,1.998568e+00,4.658436e-25,4.432264e-02
92,1,1,-4.102342e-01,-2.716720e-01,0.000000e+00,0.000000e+00,4.920343e-01,9.371688e-01,1.587206e+00,1.401775e+00,1.898923e+00,3.173729e-25,5.071173e-02
93,1,1,-5.145739e-01,1.847857e-02,0.000000e+00,0.000000e+00,5.149056e-01,1.128245e+00,1.825166e+00,1.094999e+00,1.804804e+00,3.221701e-25,3.974741e-02
94,1,1,-4.942055e-01,3.615955e-01,0.000000e+00,0.000000e+00,6.123646e-01,1.452505e+00,2.021532e+00,8.144866e-01,1.624872e+00,3.212281e-25,4.818834e-02
95,1,1,1.693240e-01,7.640353e-01,0.000000e+00,0.000000e+00,7.825730e-01,2.116398e+00,1.949832e+00,1.192895e+00,8.635403e-01,3.757103e-25,2.154366e-01
96,1,1,-3.621355e-01,2.082836e-02,0.000000e+00,0.000000e+00,3.627340e-01,1.203728e+00,1.702206e+00,1.168610e+00,1.677555e+00,2.522092e-25,4.520536e-02
97,1,1,-5.616407e-01,-6.148839e-01,0.000000e+00,0.000000e+00,8.327800e-01,5.835009e-01,1.608427e+00,1.673323e+00,2.246458e+00,4.160855e-25,7.500870e-02
98,1,1,-1.913804e-01,-6.731604e-01,0.000000e+00,0.000000e+00,6.998367e-01,8.721753e-01,1.235399e+00,1.858314e+00,2.053985e+00,2.541317e-25,1.191014e-01
99,1,1,-1.904842e-01,5.348808e-01,0.000000e+00,0.000000e+00,5.677867e-01,1.735274e+00,1.942450e+00,9.336229e-01,1.278119e+00,3.884966e-25,1.090207e-01
100,1,1,-5.462036e-01,5.830833e-01,0.000000e+00,0.000000e+00,7.989521e-01,1.646841e+00,2.212894e+00,6.162392e-01,1.601426e+00,3.937557e-25,6.891007e-02
101,1,2,1.969584e-01,-3.562657e-01,0.000000e+00,0.000000e+00,4.070846e-01,1.359082e+00,1.029208e+00,1.808913e+00,1.576177e+00,5.453748e-24,1.007855e-01
101,2,2,7.593387e-01,-8.097596e-02,0.000000e+00,0.000000e+00,7.636441e-01,1.984913e+00,9.500121e-01,2.064893e+00,1.107442e+00,5.453748e-24,1.007855e-01
102,1,2,5.484340e-01,-2.152903e-01,0.000000e+00,0.000000e+00,5.891772e-01,1.735920e+00,9.053625e-01,1.968395e+00,1.296473e+00,1.871546e-25,4.091778e-02
102,2,2,-4.345449e-01,-7.933626e-01,0.000000e+00,0.000000e+00,9.045737e-01,6.020287e-01,1.449351e+00,1.880396e+00,2.296534e+00,1.871546e-25,4.091778e-02
103,1,2,-6.292050e-01,5.990118e-01,0.000000e+00,0.000000e+00,8.687428e-01,1.641441e+00,2.282794e+00,5.461506e-01,1.677826e+00,5.706813e-25,1.845633e-01
103,2,2,2.863411e-01,1.524194e-01,0.000000e+00,0.000000e+00,3.243807e-01,1.727062e+00,1.355500e+00,1.540476e+00,1.108017e+00,5.706813e-25,1.845633e-01
104,1,2,-3.538986e-01,-3.365137e-01,0.000000e+00,0.000000e+00,4.883499e-01,9.261000e-01,1.507732e+00,1.484492e+00,1.902448e+00,7.108354e-25,7.210473e-02
104,2,2,-3.347555e-02,-6.055591e-01,0.000000e+00,0.000000e+00,6.064837e-01,1.043912e+00,1.106190e+00,1.874030e+00,1.909422e+00,7.108354e-25,7.210473e-02
105,1,2,6.392987e-01,-6.525809e-01,0.000000e+00,0.000000e+00,9.135451e-01,1.675709e+00,5.008048e-01,2.327729e+00,1.691487e+00,3.831441e-25,7.470369e-02
105,2,2,-4.403245e-02,-5.707090e-01,0.000000e+00,0.000000e+00,5.724051e-01,1.047934e+00,1.128847e+00,1.838750e+00,1.886036e+00,3.831441e-25,7.470369e-02
106,1,2,-7.098318e-01,-1.720743e-03,0.000000e+00,0.000000e+00,7.098339e-01,1.039596e+00,1.979921e+00,1.042901e+00,1.981658e+00,7.206890e-25,6.303927e-02
106,2,2,1.631837e-01,3.037602e-01,0.000000e+00,0.000000e+00,3.448176e-01,1.747223e+00,1.549210e+00,1.355635e+00,1.088582e+00,7.206890e-25,6.303927e-02
107,1,2,7.610500e-01,-3.552492e-01,0.000000e+00,0.000000e+00,8.398804e-01,1.875367e+00,6.876051e-01,2.222161e+00,1.376153e+00,1.987966e-25,3.567197e-02
107,2,2,-3.179174e-01,-7.580147e-01,0.000000e+00,0.000000e+00,8.219841e-01,7.237358e-01,1.339949e+00,1.885697e+00,2.197162e+00,1.987966e-25,3.567197e-02
108,1,2,-6.700605e-01,3.792743e-01,0.000000e+00,0.000000e+00,7.699546e-01,1.418188e+00,2.165987e+00,7.029655e-01,1.781685e+00,3.013522e-24,8.131667e-02
108,2,2,-2.494221e-01,-1.822831e-01,0.000000e+00,0.000000e+00,3.089312e-01,1.109968e+00,1.493224e+00,1.400414e+00,1.720130e+00,3.013522e-24,8.131667e-02
109,1,2,-4.524307e-01,-1.482110e-01,0.000000e+00,0.000000e+00,4.760883e-01,1.012609e+00,1.683775e+00,1.272093e+00,1.851471e+00,6.610010e-25,6.802411e-02
109,2,2,8.834858e-02,-6.046157e-01,0.000000e+00,0.000000e+00,6.110365e-01,1.157943e+00,9.936987e-01,1.938890e+00,1.845508e+00,6.610010e-25,6.802411e-02
110,1,2,-4.175291e-01,6.779047e-01,0.000000e+00,0.000000e+00,7.961691e-01,1.776130e+00,2.196532e+00,6.655958e-01,1.453662e+00,3.774937e-25,5.498243e-02
110,2,2,7.977672e-01,3.331198e-01,0.000000e+00,0.000000e+00,8.645238e-01,2.238119e+00,1.348372e+00,1.917471e+00,6.968696e-01,3.774937e-25,5.498243e-02
111,1,2,5.136175e-02,-6.007557e-01,0.000000e+00,0.000000e+00,6.029473e-01,1.124614e+00,1.029228e+00,1.915145e+00,1.860735e+00,3.974337e-25,3.345724e-02
111,2,2,7.248783e-01,-2.298418e-02,0.000000e+00,0.000000e+00,7.252426e-01,1.982364e+00,1.015013e+00,2.005418e+00,1.059334e+00,3.974337e-25,3.345724e-02
112,1,2,2.093732e-01,-4.309356e-01,0.000000e+00,0.000000e+00,4.791061e-01,1.336569e+00,9.741278e-01,1.873542e+00,1.634829e+00,1.105710e-24,9.468455e-02
112,2,2,3.808953e-01,-6.968234e-01,0.000000e+00,0.000000e+00,7.941310e-01,1.413785e+00,6.893524e-01,2.187711e+00,1.806239e+00,1.105710e-24,9.468455e-02
113,1,2,3.393029e-01,-3.538298e-01,0.000000e+00,0.000000e+00,4.902265e-01,1.487033e+00,9.241518e-01,1.904360e+00,1.506445e+00,3.265162e-25,3.777049e-02
113,2,2,6.495466e-01,7.096457e-01,0.000000e+00,0.000000e+00,9.620332e-01,2.375688e+00,1.745195e+00,1.674906e+00,4.551079e-01,3.265162e-25,3.777049e-02
114,1,2,4.041471e-01,-3.123016e-01,0.000000e+00,0.000000e+00,5.107515e-01,1.563508e+00,9.099285e-01,1.921917e+00,1.441241e+00,4.031387e-25,1.083504e-01
114,2,2,-7.170176e-01,7.420711e-01,0.000000e+00,0.000000e+00,1.031884e+00,1.764905e+00,2.446009e+00,3.828921e-01,1.736282e+00,4.031387e-25,1.083504e-01
115,1,2,-6.480783e-01,-2.166502e-01,0.000000e+00,0.000000e+00,6.833322e-01,8.587699e-01,1.824774e+00,1.266525e+00,2.048512e+00,6.606756e-25,6.421365e-02
115,2,2,4.732394e-01,7.936368e-01,0.000000e+00,0.000000e+00,9.240210e-01,2.321113e+00,1.869388e+00,1.487622e+00,5.657407e-01,6.606756e-25,6.421365e-02
116,1,2,-4.792357e-01,-2.260647e-01,0.000000e+00,0.000000e+00,5.298793e-01,9.328297e-01,1.669465e+00,1.332077e+00,1.921295e+00,4.893174e-25,7.898898e-02
116,2,2,1.913287e-01,-3.818949e-02,0.000000e+00,0.000000e+00,1.951028e-01,1.531125e+00,1.256594e+00,1.580222e+00,1.315974e+00,4.893174e-25,7.898898e-02
117,1,2,5.669856e-01,6.208203e-01,0.000000e+00,0.000000e+00,8.407678e-01,2.254441e+00,1.677665e+00,1.612210e+00,5.755681e-01,3.696025e-25,1.330462e-01
117,2,2,-3.394081e-01,-1.079480e-01,0.000000e+00,0.000000e+00,3.561609e-01,1.110017e+00,1.609276e+00,1.289934e+00,1.738264e+00,3.696025e-25,1.330462e-01
118,1,2,1.514871e-01,7.958369e-01,0.000000e+00,0.000000e+00,8.101263e-01,2.133296e+00,1.986203e+00,1.169447e+00,8.727294e-01,3.773040e-25,8.193885e-02
118,2,2,-1.630537e-01,-2.129659e-01,0.000000e+00,0.000000e+00,2.682182e-01,1.148870e+00,1.404321e+00,1.473691e+00,1.680470e+00,3.773040e-25,8.193885e-02
119,1,2,-7.393620e-01,1.740793e-01,0.000000e+00,0.000000e+00,7.595787e-01,1.202661e+00,2.098533e+00,8.660699e-01,1.925494e+00,1.491031e-23,1.259590e-01
119,2,2,-6.060599e-01,3.872778e-01,0.000000e+00,0.000000e+00,7.192306e-01,1.442126e+00,2.122255e+00,7.284348e-01,1.718970e+00,1.491031e-23,1.259590e-01
120,1,2,6.380983e-02,-3.965448e-01,0.000000e+00,0.000000e+00,4.016460e-01,1.223049e+00,1.113827e+00,1.755571e+00,1.681306e+00,4.143595e-25,7.593583e-02
120,2,2,6.110357e-01,7.596784e-01,0.000000e+00,0.000000e+00,9.749235e-01,2.385771e+00,1.802155e+00,1.628862e+00,4.572173e-01,4.143595e-25,7.593583e-02
121,1,2,-3.404734e-01,3.176464e-01,0.000000e+00,0.000000e+00,4.656408e-01,1.473488e+00,1.879644e+00,9.489899e-01,1.504153e+00,3.069056e-25,9.541466e-02
121,2,2,4.488685e-01,-2.158883e-01,0.000000e+00,0.000000e+00,4.980871e-01,1.647438e+00,9.584242e-01,1.891456e+00,1.334965e+00,3.069056e-25,9.541466e-02
122,1,2,6.975007e-02,3.311280e-01,0.000000e+00,0.000000e+00,3.383945e-01,1.707708e+00,1.623966e+00,1.261648e+00,1.145755e+00,4.730297e-25,4.875818e-02
122,2,2,3.121466e-01,1.771116e-01,0.000000e+00,0.000000e+00,3.588928e-01,1.762759e+00,1.363354e+00,1.548830e+00,1.072515e+00,4.730297e-25,4.875818e-02
123,1,2,-8.069651e-02,-3.242204e-01,0.000000e+00,0.000000e+00,3.341119e-01,1.140963e+00,1.274591e+00,1.612042e+00,1.709229e+00,2.165374e-25,4.603205e-02
123,2,2,1.376842e-01,3.326218e-01,0.000000e+00,0.000000e+00,3.599920e-01,1.752200e+00,1.587284e+00,1.318984e+00,1.090405e+00,2.165374e-25,4.603205e-02
124,1,2,-3.369575e-01,-4.940252e-01,0.000000e+00,0.000000e+00,5.979977e-01,8.340479e-01,1.429498e+00,1.634545e+00,2.004886e+00,5.820981e-25,7.443908e-02
124,2,2,3.564142e-02,8.309048e-02,0.000000e+00,0.000000e+00,9.041205e-02,1.498545e+00,1.450197e+00,1.383212e+00,1.330680e+00,5.820981e-25,7.443908e-02
125,1,2,3.770975e-01,-7.477044e-01,0.000000e+00,0.000000e+00,8.374153e-01,1.400018e+00,6.720570e-01,2.225055e+00,1.855392e+00,5.324403e-25,9.434146e-02
125,2,2,-4.419590e-01,-2.861882e-01,0.000000e+00,0.000000e+00,5.265277e-01,9.060558e-01,1.608966e+00,1.402031e+00,1.932233e+00,5.324403e-25,9.434146e-02
126,1,2,7.729975e-01,4.367681e-02,0.000000e+00,0.000000e+00,7.742305e-01,2.057372e+00,1.068078e+00,2.014466e+00,9.828958e-01,4.514361e-25,8.227744e-02
126,2,2,-6.625893e-01,-1.665835e-01,0.000000e+00,0.000000e+00,6.832090e-01,8.991268e-01,1.859781e+00,1.214398e+00,2.031039e+00,4.514361e-25,8.227744e-02
127,1,2,-5.005898e-01,1.195432e-01,0.000000e+00,0.000000e+00,5.146656e-01,1.225882e+00,1.872204e+00,1.012233e+00,1.739820e+00,3.082558e-25,1.062192e-01
127,2,2,6.962961e-01,-4.163789e-01,0.000000e+00,0.000000e+00,8.112950e-01,1.793888e+00,6.579132e-01,2.209875e+00,1.448573e+00,3.082558e-25,1.062192e-01
128,1,2,-1.566026e-01,4.867852e-01,0.000000e+00,0.000000e+00,5.113552e-01,1.709342e+00,1.883682e+00,9.872734e-01,1.265353e+00,3.332172e-24,1.616828e-01
128,2,2,-7.990494e-01,7.174840e-01,0.000000e+00,0.000000e+00,1.073901e+00,1.729200e+00,2.487233e+00,3.466936e-01,1.821097e+00,3.332172e-24,1.616828e-01
129,1,2,-6.546185e-01,1.175357e-01,0.000000e+00,0.000000e+00,6.650865e-01,1.169690e+00,1.996659e+00,9.476453e-01,1.875235e+00,5.438999e-24,1.203371e-01
129,2,2,-8.431457e-02,-8.234178e-02,0.000000e+00,0.000000e+00,1.178521e-01,1.296370e+00,1.420505e+00,1.417725e+00,1.532058e+00,5.438999e-24,1.203371e-01
130,1,2,4.109524e-01,-1.915294e-01,0.000000e+00,0.000000e+00,4.533932e-01,1.626165e+00,1.000301e+00,1.846762e+00,1.329180e+00,2.813508e-25,1.078915e-01
130,2,2,-3.756011e-01,2.236510e-01,0.000000e+00,0.000000e+00,4.371452e-01,1.373752e+00,1.841087e+00,9.962890e-01,1.579556e+00,2.813508e-25,1.078915e-01
131,1,2,-2.740808e-01,7.014033e-01,0.000000e+00,0.000000e+00,7.530517e-01,1.849792e+00,2.125572e+00,7.849323e-01,1.308603e+00,3.143509e-25,4.281482e-02
131,2,2,-5.333024e-01,-5.329613e-01,0.000000e+00,0.000000e+00,7.539623e-01,6.602513e-01,1.602854e+00,1.602428e+00,2.168176e+00,3.143509e-25,4.281482e-02
132,1,2,-2.207167e-01,-1.086324e-01,0.000000e+00,0.000000e+00,2.460018e-01,1.183984e+00,1.511518e+00,1.355119e+00,1.649004e+00,1.912231e-24,8.515546e-02
132,2,2,-5.722238e-01,5.795793e-01,0.000000e+00,0.000000e+00,8.144644e-01,1.636479e+00,2.228667e+00,5.997883e-01,1.627465e+00,1.912231e-24,8.515546e-02
133,1,2,2.328529e-01,1.403998e-01,0.000000e+00,0.000000e+00,2.719055e-01,1.679416e+00,1.374419e+00,1.502943e+00,1.152140e+00,5.834451e-25,8.068525e-02
133,2,2,-6.043751e-01,8.736986e-02,0.000000e+00,0.000000e+00,6.106576e-01,1.157105e+00,1.938142e+00,9.946923e-01,1.845783e+00,5.834451e-25,8.068525e-02
134,1,2,-9.941420e-03,-3.662675e-01,0.000000e+00,0.000000e+00,3.664024e-01,1.175514e+00,1.192308e+00,1.687277e+00,1.699020e+00,5.457365e-24,1.336910e-01
134,2,2,-7.663873e-01,-2.205653e-01,0.000000e+00,0.000000e+00,7.974952e-01,8.136912e-01,1.930710e+00,1.242721e+00,2.147069e+00,5.457365e-24,1.336910e-01
135,1,2,-4.055619e-01,-3.371286e-01,0.000000e+00,0.000000e+00,5.273862e-01,8.903680e-01,1.554028e+00,1.463308e+00,1.939979e+00,3.843718e-25,9.555231e-02
135,2,2,2.643696e-01,-1.692581e-02,0.000000e+00,0.000000e+00,2.649108e-01,1.601582e+00,1.227838e+00,1.622581e+00,1.255106e+00,3.843718e-25,9.555231e-02
136,1,2,4.462870e-01,-3.834672e-01,0.000000e+00,0.000000e+00,5.884039e-01,1.572215e+00,8.286801e-01,2.001431e+00,1.490161e+00,4.729123e-24,1.398853e-01
136,2,2,1.248238e-01,-2.865185e-01,0.000000e+00,0.000000e+00,3.125281e-01,1.332023e+00,1.129154e+00,1.708906e+00,1.555977e+00,4.729123e-24,1.398853e-01
137,1,2,6.382913e-01,5.070005e-01,0.000000e+00,0.000000e+00,8.151474e-01,2.225994e+00,1.549801e+00,1.710861e+00,6.114587e-01,6.792226e-25,8.234336e-02
137,2,2,-9.308337e-02,4.721296e-01,0.000000e+00,0.000000e+00,4.812182e-01,1.729064e+00,1.833575e+00,1.049355e+00,1.213869e+00,6.792226e-25,8.234336e-02
138,1,2,4.970666e-01,-7.591483e-02,0.000000e+00,0.000000e+00,5.028302e-01,1.759302e+00,1.052081e+00,1.843584e+00,1.187659e+00,3.273158e-23,1.847622e-01
138,2,2,7.406796e-01,-2.137995e-01,0.000000e+00,0.000000e+00,7.709192e-01,1.909994e+00,8.278637e-01,2.122092e+00,1.241191e+00,3.273158e-23,1.847622e-01
139,1,2,-6.108118e-01,-5.279540e-01,0.000000e+00,0.000000e+00,8.073577e-01,6.117965e-01,1.678554e+00,1.576741e+00,2.220216e+00,3.687256e-25,1.794540e-01
139,2,2,5.682058e-01,-4.581660e-01,0.000000e+00,0.000000e+00,7.299136e-01,1.659173e+00,6.928422e-01,2.141382e+00,1.520754e+00,3.687256e-25,1.794540e-01
140,1,2,-7.527361e-01,1.078708e-01,0.000000e+00,0.000000e+00,7.604260e-01,1.135129e+00,2.073514e+00,9.257613e-01,1.966718e+00,6.391818e-24,9.221021e-02
140,2,2,-5.222555e-01,5.333394e-01,0.000000e+00,0.000000e+00,7.464595e-01,1.606042e+00,2.160646e+00,6.678412e-01,1.592179e+00,6.391818e-24,9.221021e-02
141,1,2,2.025645e-01,-7.338825e-01,0.000000e+00,0.000000e+00,7.613251e-01,1.231657e+00,8.406676e-01,2.110097e+00,1.908468e+00,2.735376e-25,6.641438e-02
141,2,2,-6.358180e-02,4.949042e-03,0.000000e+00,0.000000e+00,6.377412e-02,1.373609e+00,1.463260e+00,1.366384e+00,1.456480e+00,2.735376e-25,6.641438e-02
142,1,2,-3.184243e-01,-6.593442e-01,0.000000e+00,0.000000e+00,7.322082e-01,7.619657e-01,1.361723e+00,1.793870e+00,2.119355e+00,3.309551e-25,7.821799e-02
142,2,2,1.025963e-01,3.184085e-01,0.000000e+00,0.000000e+00,3.345295e-01,1.718697e+00,1.594846e+00,1.296258e+00,1.126899e+00,3.309551e-25,7.821799e-02
143,1,2,-6.249453e-01,2.818907e-01,0.000000e+00,0.000000e+00,6.855793e-01,1.335631e+00,2.069708e+00,8.101524e-01,1.776550e+00,7.749238e-25,5.790374e-02
143,2,2,7.404364e-03,-4.495279e-01,0.000000e+00,0.000000e+00,4.495889e-01,1.147991e+00,1.135018e+00,1.765218e+00,1.756809e+00,7.749238e-25,5.790374e-02
144,1,2,-2.721014e-02,2.056202e-02,0.000000e+00,0.000000e+00,3.410555e-02,1.409917e+00,1.448001e+00,1.380442e+00,1.419317e+00,1.135602e-24,8.583536e-02
144,2,2,-5.917361e-01,-5.412696e-01,0.000000e+00,0.000000e+00,8.019504e-01,6.140952e-01,1.656520e+00,1.594425e+00,2.215657e+00,1.135602e-24,8.583536e-02
145,1,2,2.181614e-01,-6.806969e-01,0.000000e+00,0.000000e+00,7.148025e-01,1.259314e+00,8.445272e-01,2.075731e+00,1.853649e+00,2.268810e-25,3.366770e-02
145,2,2,3.840898e-01,-2.499590e-01,0.000000e+00,0.000000e+00,4.582625e-01,1.574251e+00,9.705188e-01,1.864967e+00,1.393464e+00,2.268810e-25,3.366770e-02
146,1,2,-6.054417e-01,-1.903078e-01,0.000000e+00,0.000000e+00,6.346469e-01,9.007096e-01,1.798067e+00,1.253997e+00,1.998568e+00,9.540776e-24,1.198705e-01
146,2,2,-4.102342e-01,-2.716720e-01,0.000000e+00,0.000000e+00,4.920343e-01,9.371688e-01,1.587206e+00,1.401775e+00,1.898923e+00,9.540776e-24,1.198705e-01
147,1,2,-5.145739e-01,1.847857e-02,0.000000e+00,0.000000e+00,5.149056e-01,1.128245e+00,1.825166e+00,1.094999e+00,1.804804e+00,8.083656e-24,1.119130e-01
147,2,2,-4.942055e-01,3.615955e-01,0.000000e+00,0.000000e+00,6.123646e-01,1.452505e+00,2.021532e+00,8.144866e-01,1.624872e+00,8.083656e-24,1.119130e-01
148,1,2,1.693240e-01,7.640353e-01,0.000000e+00,0.000000e+00,7.825730e-01,2.116398e+00,1.949832e+00,1.192895e+00,8.635403e-01,4.624634e-25,6.683455e-02
148,2,2,-3.621355e-01,2.082836e-02,0.000000e+00,0.000000e+00,3.627340e-01,1.203728e+00,1.702206e+00,1.168610e+00,1.677555e+00,4.624634e-25,6.683455e-02
149,1,2,-5.616407e-01,-6.148839e-01,0.000000e+00,0.000000e+00,8.327800e-01,5.835009e-01,1.608427e+00,1.673323e+00,2.246458e+00,1.425261e-24,1.058461e-01
149,2,2,-1.913804e-01,-6.731604e-01,0.000000e+00,0.000000e+00,6.998367e-01,8.721753e-01,1.235399e+00,1.858314e+00,2.053985e+00,1.425261e-24,1.058461e-01
150,1,2,-1.904842e-01,5.348808e-01,0.000000e+00,0.000000e+00,5.677867e-01,1.735274e+00,1.942450e+00,9.336229e-01,1.278119e+00,3.778915e-24,1.456363e-01
150,2,2,-5.462036e-01,5.830833e-01,0.000000e+00,0.000000e+00,7.989521e-01,1.646841e+00,2.212894e+00,6.162392e-01,1.601426e+00,3.778915e-24,1.456363e-01
151,1,2,-5.226054e-01,6.751241e-01,0.000000e+00,0.000000e+00,8.537617e-01,1.741823e+00,2.263707e+00,5.774513e-01,1.556879e+00,3.387276e-25,1.105132e-01
151,2,2,3.570188e-01,-3.030736e-01,0.000000e+00,0.000000e+00,4.683119e-01,1.525518e+00,9.482253e-01,1.881356e+00,1.453075e+00,3.387276e-25,1.105132e-01
152,1,2,-7.430494e-01,1.277124e-01,0.000000e+00,0.000000e+00,7.539449e-01,1.156615e+00,2.076043e+00,9.093455e-01,1.949130e+00,7.448277e-24,1.106046e-01
152,2,2,-7.876634e-01,6.859676e-01,0.000000e+00,0.000000e+00,1.044493e+00,1.699286e+00,2.457280e+00,3.790821e-01,1.815036e+00,7.448277e-24,1.106046e-01
153,1,2,5.360943e-01,-6.156332e-01,0.000000e+00,0.000000e+00,8.163341e-01,1.583453e+00,6.024503e-01,2.229317e+00,1.680916e+00,2.079643e-25,2.830879e-02
153,2,2,2.813901e-01,2.400660e-01,0.000000e+00,0.000000e+00,3.698811e-01,1.783178e+00,1.433236e+00,1.489785e+00,1.045897e+00,2.079643e-25,2.830879e-02
154,1,2,-2.284350e-02,-2.252824e-01,0.000000e+00,0.000000e+00,2.264376e-01,1.247005e+00,1.283120e+00,1.567212e+00,1.596097e+00,4.649066e-25,5.829130e-02
154,2,2,3.550493e-01,-3.797265e-01,0.000000e+00,0.000000e+00,5.198578e-01,1.490268e+00,8.948188e-01,1.933857e+00,1.523025e+00,4.649066e-25,5.829130e-02
155,1,2,2.652002e-01,-2.986453e-01,0.000000e+00,0.000000e+00,3.993997e-01,1.446593e+00,1.015790e+00,1.813067e+00,1.492116e+00,1.608419e-25,4.103930e-02
155,2,2,1.798043e-01,-7.989584e-01,0.000000e+00,0.000000e+00,8.189408e-01,1.196811e+00,8.444754e-01,2.151323e+00,1.977112e+00,1.608419e-25,4.103930e-02
156,1,2,1.509330e-01,-5.177993e-01,0.000000e+00,0.000000e+00,5.393486e-01,1.247864e+00,9.764385e-01,1.904826e+00,1.739146e+00,3.348869e-25,6.241835e-02
156,2,2,-6.632840e-02,-4.623365e-01,0.000000e+00,0.000000e+00,4.670701e-01,1.077416e+00,1.194210e+00,1.734984e+00,1.809830e+00,3.348869e-25,6.241835e-02
157,1,2,-7.946697e-01,-5.701254e-01,0.000000e+00,0.000000e+00,9.780301e-01,4.763955e-01,1.845435e+00,1.583494e+00,2.384561e+00,2.194430e-24,5.779736e-02
157,2,2,-7.043950e-01,3.224856e-01,0.000000e+00,0.000000e+00,7.747059e-01,1.355120e+00,2.157297e+00,7.391942e-01,1.834118e+00,2.194430e-24,5.779736e-02
158,1,2,-2.843978e-01,-1.064598e-02,0.000000e+00,0.000000e+00,2.845970e-01,1.221027e+00,1.621265e+00,1.238342e+00,1.634345e+00,2.411847e-25,7.476042e-02
158,2,2,5.600344e-01,2.785783e-01,0.000000e+00,0.000000e+00,6.254953e-01,2.017045e+00,1.352158e+00,1.718766e+00,8.449964e-01,2.411847e-25,7.476042e-02
159,1,2,3.385605e-01,-4.261505e-01,0.000000e+00,0.000000e+00,5.442678e-01,1.456382e+00,8.756743e-01,1.955927e+00,1.572071e+00,7.655158e-25,6.031356e-02
159,2,2,1.358834e-01,-1.054809e-01,0.000000e+00,0.000000e+00,1.720190e-01,1.445820e+00,1.243729e+00,1.585030e+00,1.403134e+00,7.655158e-25,6.031356e-02
160,1,2,7.614689e-01,-7.476081e-02,0.000000e+00,0.000000e+00,7.651301e-01,1.989683e+00,9.554918e-01,2.063464e+00,1.100912e+00,4.371491e-25,6.025803e-02
160,2,2,-4.687629e-01,5.462338e-01,0.000000e+00,0.000000e+00,7.197986e-01,1.634947e+00,2.132628e+00,6.986534e-01,1.537260e+00,4.371491e-25,6.025803e-02
161,1,2,-1.231967e-01,6.162822e-01,0.000000e+00,0.000000e+00,6.284753e-01,1.838791e+00,1.968232e+00,9.570911e-01,1.186933e+00,3.490237e-25,4.400552e-02
161,2,2,5.690131e-01,5.858903e-02,0.000000e+00,0.000000e+00,5.720215e-01,1.892726e+00,1.142961e+00,1.829770e+00,1.035376e+00,3.490237e-25,4.400552e-02
162,1,2,-6.637440e-01,9.883633e-03,0.000000e+00,0.000000e+00,6.638176e-01,1.064393e+00,1.946255e+00,1.045657e+00,1.936072e+00,4.788194e-25,5.679027e-02
162,2,2,5.192150e-01,-7.421441e-01,0.000000e+00,0.000000e+00,9.057385e-01,1.540943e+00,5.455674e-01,2.311510e+00,1.807269e+00,4.788194e-25,5.679027e-02
163,1,2,6.390903e-01,4.866363e-01,0.000000e+00,0.000000e+00,8.032753e-01,2.212850e+00,1.529818e+00,1.717603e+00,6.275334e-01,4.025623e-25,1.898786e-01
163,2,2,-5.198833e-01,3.544689e-01,0.000000e+00,0.000000e+00,6.292272e-01,1.437045e+00,2.035837e+00,8.045013e-01,1.651289e+00,4.025623e-25,1.898786e-01
164,1,2,-5.237243e-01,2.891316e-01,0.000000e+00,0.000000e+00,5.982342e-01,1.374299e+00,1.995895e+00,8.556708e-01,1.681389e+00,3.790931e-25,1.263989e-01
164,2,2,7.504643e-01,5.782551e-01,0.000000e+00,0.000000e+00,9.474047e-01,2.356908e+00,1.597860e+00,1.800554e+00,4.900376e-01,3.790931e-25,1.263989e-01
165,1,2,2.727250e-01,-7.657423e-01,0.000000e+00,0.000000e+00,8.128592e-01,1.294104e+00,7.640718e-01,2.176620e+00,1.909653e+00,4.910682e-25,9.871337e-02
165,2,2,-4.248202e-01,-4.564167e-01,0.000000e+00,0.000000e+00,6.235290e-01,7.914004e-01,1.524990e+00,1.565880e+00,2.037465e+00,4.910682e-25,9.871337e-02
166,1,2,-2.848532e-01,2.801728e-02,0.000000e+00,0.000000e+00,2.862278e-01,1.252300e+00,1.645499e+00,1.206725e+00,1.611086e+00,2.415191e-24,1.013095e-01
166,2,2,-3.334728e-01,5.891587e-01,0.000000e+00,0.000000e+00,6.769875e-01,1.723277e+00,2.074506e+00,7.829745e-01,1.395328e+00,2.415191e-24,1.013095e-01
167,1,2,3.002061e-01,-7.901219e-01,0.000000e+00,0.000000e+00,8.452315e-01,1.317036e+00,7.305890e-01,2.212481e+00,1.922043e+00,3.646494e-25,8.932959e-02
167,2,2,-1.652660e-01,-2.395603e-01,0.000000e+00,0.000000e+00,2.910360e-01,1.129181e+00,1.391443e+00,1.494420e+00,1.701280e+00,3.646494e-25,8.932959e-02
168,1,2,9.653666e-02,-5.456492e-01,0.000000e+00,0.000000e+00,5.541230e-01,1.186940e+00,1.011277e+00,1.895105e+00,1.790329e+00,6.439629e-25,4.694121e-02
168,2,2,6.488032e-01,-2.752850e-01,0.000000e+00,0.000000e+00,7.047889e-01,1.801045e+00,8.053266e-01,2.084443e+00,1.322759e+00,6.439629e-25,4.694121e-02
169,1,2,1.179784e-01,-2.739212e-01,0.000000e+00,0.000000e+00,2.982478e-01,1.333066e+00,1.142433e+00,1.694919e+00,1.549464e+00,2.667966e-25,6.004186e-02
169,2,2,-2.266077e-01,5.253804e-01,0.000000e+00,0.000000e+00,5.721675e-01,1.710240e+00,1.957384e+00,9.074135e-01,1.315230e+00,2.667966e-25,6.004186e-02
170,1,2,4.483464e-01,-2.345977e-01,0.000000e+00,0.000000e+00,5.060144e-01,1.638154e+00,9.434841e-01,1.903139e+00,1.352240e+00,2.676639e-25,5.100825e-02
170,2,2,-1.600733e-01,-6.150170e-01,0.000000e+00,0.000000e+00,6.355072e-01,9.239528e-01,1.222286e+00,1.820373e+00,1.988479e+00,2.676639e-25,5.100825e-02
171,1,2,-7.179093e-01,3.024914e-01,0.000000e+00,0.000000e+00,7.790345e-01,1.332689e+00,2.155852e+00,7.523918e-01,1.854112e+00,9.695965e-24,1.525526e-01
171,2,2,-1.500811e-01,1.370170e-01,0.000000e+00,0.000000e+00,2.032191e-01,1.419567e+00,1.617249e+00,1.211240e+00,1.437855e+00,9.695965e-24,1.525526e-01
172,1,2,5.459213e-01,1.981615e-01,0.000000e+00,0.000000e+00,5.807736e-01,1.955879e+00,1.281319e+00,1.741499e+00,9.214838e-01,3.449810e-25,2.055139e-01
172,2,2,-4.692839e-01,2.290044e-01,0.000000e+00,0.000000e+00,5.221785e-01,1.338698e+00,1.915528e+00,9.359989e-01,1.659286e+00,3.449810e-25,2.055139e-01
173,1,2,4.710778e-01,-3.351735e-01,0.000000e+00,0.000000e+00,5.781484e-01,1.614331e+00,8.495604e-01,1.986645e+00,1.436122e+00,2.286827e-25,5.684757e-02
173,2,2,-1.853891e-01,3.337564e-02,0.000000e+00,0.000000e+00,1.883695e-01,1.315848e+00,1.572581e+00,1.264102e+00,1.529546e+00,2.286827e-25,5.684757e-02
174,1,2,2.947414e-01,2.993273e-01,0.000000e+00,0.000000e+00,4.200826e-01,1.834286e+00,1.478391e+00,1.472174e+00,9.941488e-01,1.781441e-25,4.236004e-02
174,2,2,-9.776025e-02,-3.456046e-01,0.000000e+00,0.000000e+00,3.591651e-01,1.114572e+00,1.278011e+00,1.620089e+00,1.736585e+00,1.781441e-25,4.236004e-02
175,1,2,8.772179e-02,2.775852e-01,0.000000e+00,0.000000e+00,2.911162e-01,1.677904e+00,1.569865e+00,1.305765e+00,1.163673e+00,1.158756e-24,6.856646e-02
175,2,2,-7.954062e-01,-2.174858e-01,0.000000e+00,0.000000e+00,8.246036e-01,8.088183e-01,1.958523e+00,1.234557e+00,2.169275e+00,1.158756e-24,6.856646e-02
176,1,2,-6.232103e-01,5.485908e-01,0.000000e+00,0.000000e+00,8.302668e-01,1.593770e+00,2.243423e+00,5.879972e-01,1.684809e+00,4.092159e-25,5.865041e-02
176,2,2,-2.104250e-02,-7.912259e-01,0.000000e+00,0.000000e+00,7.915057e-01,1.000972e+00,1.042168e+00,2.041286e+00,2.061800e+00,4.092159e-25,5.865041e-02
177,1,2,-6.973278e-01,-1.015641e-01,0.000000e+00,0.000000e+00,7.046853e-01,9.480493e-01,1.920445e+00,1.142390e+00,2.023454e+00,1.040615e-24,7.646625e-02
177,2,2,1.539152e-01,-3.431125e-01,0.000000e+00,0.000000e+00,3.760533e-01,1.327788e+00,1.071149e+00,1.770726e+00,1.587391e+00,1.040615e-24,7.646625e-02
178,1,2,3.172462e-01,4.223805e-01,0.000000e+00,0.000000e+00,5.282523e-01,1.938635e+00,1.577758e+00,1.438326e+00,8.943137e-01,3.596176e-25,2.832751e-02
178,2,2,5.266969e-01,-1.874719e-01,0.000000e+00,0.000000e+00,5.590665e-01,1.729452e+00,9.403286e-01,1.934139e+00,1.278321e+00,3.596176e-25,2.832751e-02
179,1,2,-1.041910e-01,-7.498310e-01,0.000000e+00,0.000000e+00,7.570353e-01,9.300850e-01,1.132176e+00,1.965803e+00,2.069093e+00,1.902942e-25,4.791935e-02
179,2,2,2.388067e-01,-5.645113e-02,0.000000e+00,0.000000e+00,2.453882e-01,1.557218e+00,1.212312e+00,1.628107e+00,1.302115e+00,1.902942e-25,4.791935e-02
180,1,2,-7.937129e-01,-1.628479e-01,0.000000e+00,0.000000e+00,8.102466e-01,8.621938e-01,1.979452e+00,1.181004e+00,2.137667e+00,1.323270e-23,1.171338e-01
180,2,2,-4.659023e-01,1.321088e-01,0.000000e+00,0.000000e+00,4.842702e-01,1.251771e+00,1.852172e+00,1.019066e+00,1.703556e+00,1.323270e-23,1.171338e-01
181,1,2,5.309366e-01,2.970887e-01,0.000000e+00,0.000000e+00,6.084040e-01,2.006541e+00,1.379297e+00,1.684592e+00,8.450471e-01,3.910400e-25,1.672224e-01
181,2,2,-5.727593e-01,9.971327e-02,0.000000e+00,0.000000e+00,5.813741e-01,1.179790e+00,1.919099e+00,9.965194e-01,1.812205e+00,3.910400e-25,1.672224e-01
182,1,2,6.319444e-01,-3.619602e-01,0.000000e+00,0.000000e+00,7.282643e-01,1.752238e+00,7.365866e-01,2.125601e+00,1.410816e+00,2.930471e-25,7.081405e-02
182,2,2,-4.853943e-01,-6.733276e-01,0.000000e+00,0.000000e+00,8.300468e-01,6.095358e-01,1.520891e+00,1.750670e+00,2.237503e+00,2.930471e-25,7.081405e-02
183,1,2,5.873259e-01,2.386955e-01,0.000000e+00,0.000000e+00,6.339773e-01,2.013447e+00,1.305629e+00,1.760451e+00,8.659587e-01,1.321074e-24,5.558970e-02
183,2,2,1.970689e-01,-1.758968e-01,0.000000e+00,0.000000e+00,2.641512e-01,1.453314e+00,1.150584e+00,1.678007e+00,1.423879e+00,1.321074e-24,5.558970e-02
184,1,2,7.009729e-01,7.098402e-01,0.000000e+00,0.000000e+00,9.976152e-01,2.411817e+00,1.735791e+00,1.725544e+00,4.166652e-01,3.318007e-25,1.892508e-01
184,2,2,-3.351990e-01,3.793643e-01,0.000000e+00,0.000000e+00,5.062367e-01,1.531211e+00,1.919740e+00,9.094773e-01,1.472394e+00,3.318007e-25,1.892508e-01
185,1,2,-9.964335e-02,-5.580842e-01,0.000000e+00,0.000000e+00,5.669099e-01,1.002961e+00,1.185118e+00,1.799519e+00,1.907051e+00,6.461235e-25,7.517107e-02
185,2,2,-9.143351e-02,-2.435560e-01,0.000000e+00,0.000000e+00,2.601531e-01,1.182244e+00,1.327944e+00,1.540105e+00,1.654587e+00,6.461235e-25,7.517107e-02
186,1,2,-3.117646e-01,2.201719e-01,0.000000e+00,0.000000e+00,3.816711e-01,1.400888e+00,1.791521e+00,1.040096e+00,1.526060e+00,5.857139e-25,2.115209e-01
186,2,2,5.876838e-01,6.491940e-01,0.000000e+00,0.000000e+00,8.756855e-01,2.289231e+00,1.699955e+00,1.625978e+00,5.413589e-01,5.857139e-25,2.115209e-01
187,1,2,-6.560344e-01,-1.584088e-01,0.000000e+00,0.000000e+00,6.748885e-01,9.091689e-01,1.857613e+00,1.208397e+00,2.020980e+00,2.352158e-24,6.806463e-02
187,2,2,-5.621225e-01,6.855274e-01,0.000000e+00,0.000000e+00,8.865266e-01,1.741476e+00,2.298092e+00,5.391009e-01,1.593462e+00,2.352158e-24,6.806463e-02
188,1,2,5.394034e-01,2.000837e-01,0.000000e+00,0.000000e+00,5.753169e-01,1.951913e+00,1.285438e+00,1.734828e+00,9.230468e-01,3.483473e-25,6.042793e-02
188,2,2,-1.810168e-01,1.247157e-01,0.000000e+00,0.000000e+00,2.198206e-01,1.391301e+00,1.630885e+00,1.198689e+00,1.470008e+00,3.483473e-25,6.042793e-02
189,1,2,7.096875e-01,-5.464362e-02,0.000000e+00,0.000000e+00,7.117880e-01,1.953645e+00,9.889287e-01,2.008807e+00,1.093871e+00,3.278456e-25,4.561468e-02
189,2,2,-3.138815e-01,-6.062899e-01,0.000000e+00,0.000000e+00,6.827218e-01,7.910539e-01,1.371602e+00,1.746690e+00,2.075199e+00,3.278456e-25,4.561468e-02
190,1,2,-9.753305e-02,7.560645e-01,0.000000e+00,0.000000e+00,7.623295e-01,1.974388e+00,2.070831e+00,9.348535e-01,1.124315e+00,2.648230e-25,7.273755e-02
190,2,2,-2.599411e-01,-6.100587e-01,0.000000e+00,0.000000e+00,6.631297e-01,8.365055e-01,1.318903e+00,1.771998e+00,2.044441e+00,2.648230e-25,7.273755e-02
191,1,2,4.275539e-01,3.196130e-01,0.000000e+00,0.000000e+00,5.338115e-01,1.944039e+00,1.438427e+00,1.581403e+00,8.891688e-01,3.512616e-25,8.531079e-02
191,2,2,-7.921979e-01,-7.866080e-01,0.000000e+00,0.000000e+00,1.116391e+00,2.978554e-01,1.804857e+00,1.798652e+00,2.530601e+00,3.512616e-25,8.531079e-02
192,1,2,-9.311833e-02,-2.925289e-01,0.000000e+00,0.000000e+00,3.069922e-01,1.150195e+00,1.302084e+00,1.578944e+00,1.692790e+00,2.229430e-25,5.036088e-02
192,2,2,4.520462e-01,-4.863514e-01,0.000000e+00,0.000000e+00,6.639905e-01,1.540219e+00,7.510581e-01,2.077902e+00,1.584138e+00,2.229430e-25,5.036088e-02
193,1,2,-2.332909e-01,7.048452e-01,0.000000e+00,0.000000e+00,7.424496e-01,1.869315e+00,2.104163e+00,8.215590e-01,1.268118e+00,6.032922e-25,1.018949e-01
193,2,2,1.296491e-01,2.794587e-01,0.000000e+00,0.000000e+00,3.080682e-01,1.706787e+00,1.547425e+00,1.339883e+00,1.129907e+00,6.032922e-25,1.018949e-01
194,1,2,1.579570e-02,6.095223e-02,0.000000e+00,0.000000e+00,6.296569e-02,1.468830e+00,1.447162e+00,1.383348e+00,1.360319e+00,4.140531e-25,5.318511e-02
194,2,2,5.141377e-01,-5.084130e-01,0.000000e+00,0.000000e+00,7.230639e-01,1.591939e+00,6.911729e-01,2.137270e+00,1.584731e+00,4.140531e-25,5.318511e-02
195,1,2,2.240777e-01,3.003651e-01,0.000000e+00,0.000000e+00,3.747399e-01,1.785866e+00,1.514267e+00,1.409913e+00,1.044770e+00,5.716265e-25,1.497256e-01
195,2,2,-7.518006e-01,-7.588100e-01,0.000000e+00,0.000000e+00,1.068174e+00,3.460861e-01,1.768326e+00,1.776236e+00,2.482381e+00,5.716265e-25,1.497256e-01
196,1,2,7.894328e-01,2.471047e-02,0.000000e+00,0.000000e+00,7.898194e-01,2.062062e+00,1.046121e+00,2.037955e+00,9.977616e-01,3.647408e-25,6.214281e-02
196,2,2,-3.379885e-01,-1.172131e-01,0.000000e+00,0.000000e+00,3.577362e-01,1.103436e+00,1.602974e+00,1.298624e+00,1.743095e+00,3.647408e-25,6.214281e-02
197,1,2,6.336104e-01,4.582603e-01,0.000000e+00,0.000000e+00,7.819621e-01,2.189796e+00,1.503584e+00,1.721094e+00,6.540055e-01,3.068777e-25,1.593054e-01
197,2,2,-4.603439e-01,4.212313e-01,0.000000e+00,0.000000e+00,6.239811e-01,1.520239e+00,2.037769e+00,7.913292e-01,1.570852e+00,3.068777e-25,1.593054e-01
198,1,2,-2.636047e-01,-4.950640e-01,0.000000e+00,0.000000e+00,5.608706e-01,8.928820e-01,1.360756e+00,1.666582e+00,1.957527e+00,3.204562e-25,7.783351e-02
198,2,2,1.380469e-01,-7.102603e-01,0.000000e+00,0.000000e+00,7.235514e-01,1.174351e+00,9.093471e-01,2.054298e+00,1.915190e+00,3.204562e-25,7.783351e-02
199,1,2,-7.703423e-01,5.819015e-01,0.000000e+00,0.000000e+00,9.654204e-01,1.598485e+00,2.374137e+00,4.770210e-01,1.819043e+00,2.276556e-24,1.082778e-01
199,2,2,-2.667810e-01,7.119584e-01,0.000000e+00,0.000000e+00,7.603005e-01,1.862367e+00,2.129680e+00,7.877678e-01,1.299116e+00,2.276556e-24,1.082778e-01
200,1,2,1.132691e-01,5.942383e-01,0.000000e+00,0.000000e+00,6.049373e-01,1.944470e+00,1.824250e+00,1.184910e+00,9.751586e-01,6.074825e-25,1.312375e-01
200,2,2,-4.412597e-01,6.981070e-01,0.000000e+00,0.000000e+00,8.258713e-01,1.787668e+00,2.227285e+00,6.350828e-01,1.472538e+00,6.074825e-25,1.312375e-01
